Timestamp;class_name;Frequency;NMEA_Depth_m;PulseLength_us;Sampling_Freq_Hz;S_0;S_1;S_2;S_3;S_4;S_5;S_6;S_7;S_8;S_9;S_10;S_11;S_12;S_13;S_14;S_15;S_16;S_17;S_18;S_19;S_20;S_21;S_22;S_23;S_24;S_25;S_26;S_27;S_28;S_29;S_30;S_31;S_32;S_33;S_34;S_35;S_36;S_37;S_38;S_39;S_40;S_41;S_42;S_43;S_44;S_45;S_46;S_47;S_48;S_49;S_50;S_51;S_52;S_53;S_54;S_55;S_56;S_57;S_58;S_59;S_60;S_61;S_62;S_63;S_64;S_65;S_66;S_67;S_68;S_69;S_70;S_71;S_72;S_73;S_74;S_75;S_76;S_77;S_78;S_79;S_80;S_81;S_82;S_83;S_84;S_85;S_86;S_87;S_88;S_89;S_90;S_91;S_92;S_93;S_94;S_95;S_96;S_97;S_98;S_99;S_100;S_101;S_102;S_103;S_104;S_105;S_106;S_107;S_108;S_109;S_110;S_111;S_112;S_113;S_114;S_115;S_116;S_117;S_118;S_119;S_120;S_121;S_122;S_123;S_124;S_125;S_126;S_127;S_128;S_129;S_130;S_131;S_132;S_133;S_134;S_135;S_136;S_137;S_138;S_139;S_140;S_141;S_142;S_143;S_144;S_145;S_146;S_147;S_148;S_149;S_150;S_151;S_152;S_153;S_154;S_155;S_156;S_157;S_158;S_159;S_160;S_161;S_162;S_163;S_164;S_165;S_166;S_167;S_168;S_169;S_170;S_171;S_172;S_173;S_174;S_175;S_176;S_177;S_178;S_179;S_180;S_181;S_182;S_183;S_184;S_185;S_186;S_187;S_188;S_189;S_190;S_191;S_192;S_193;S_194;S_195;S_196;S_197;S_198;S_199;S_200;S_201;S_202;S_203;S_204;S_205;S_206;S_207;S_208;S_209;S_210;S_211;S_212;S_213;S_214;S_215;S_216;S_217;S_218;S_219;S_220;S_221;S_222;S_223;S_224;S_225;S_226;S_227;S_228;S_229;S_230;S_231;S_232;S_233;S_234;S_235;S_236;S_237;S_238;S_239;S_240;S_241;S_242;S_243;S_244;S_245;S_246;S_247;S_248;S_249;S_250;S_251;S_252;S_253;S_254;S_255;S_256;S_257;S_258;S_259;S_260;S_261;S_262;S_263;S_264;S_265;S_266;S_267;S_268;S_269;S_270;S_271;S_272;S_273;S_274;S_275;S_276;S_277;S_278;S_279;S_280;S_281;S_282;S_283;S_284;S_285;S_286;S_287;S_288;S_289;S_290;S_291;S_292;S_293;S_294;S_295;S_296;S_297;S_298;S_299;S_300;S_301;S_302;S_303;S_304;S_305;S_306;S_307;S_308;S_309;S_310;S_311;S_312;S_313;S_314;S_315;S_316;S_317;S_318;S_319;S_320;S_321;S_322;S_323;S_324;S_325;S_326;S_327;S_328;S_329;S_330;S_331;S_332;S_333;S_334;S_335;S_336;S_337;S_338;S_339;S_340;S_341;S_342;S_343;S_344;S_345;S_346;S_347;S_348;S_349;S_350;S_351;S_352;S_353;S_354;S_355;S_356;S_357;S_358;S_359;S_360;S_361;S_362;S_363;S_364;S_365;S_366;S_367;S_368;S_369;S_370;S_371;S_372;S_373;S_374;S_375;S_376;S_377;S_378;S_379;S_380;S_381;S_382;S_383;S_384;S_385;S_386;S_387;S_388;S_389;S_390;S_391;S_392;S_393;S_394;S_395;S_396;S_397;S_398;S_399
2025-12-15T15:58:07.624316;Gravel;low;0.0000;200;100000;141;203;229;258;265;256;247;246;224;212;196;174;159;133;117;99;89;78;73;77;70;115;217;336;577;853;1177;1574;2137;2767;3369;3993;4056;4057;4055;4058;4061;4058;4063;4055;4068;4056;4073;4062;4079;4062;4074;4058;4070;4057;4067;4059;4065;4057;4065;4060;4064;4062;4061;4061;4032;4036;3854;3810;3681;3438;3089;2772;2388;2096;1753;1523;1248;1078;891;778;651;564;471;419;357;306;262;211;207;169;199;175;214;197;253;228;270;233;265;227;256;212;236;200;216;177;183;142;158;126;156;134;168;154;186;178;196;187;177;177;152;164;130;155;136;158;152;165;171;171;183;168;186;153;157;113;89;92;72;99;100;122;137;147;158;148;159;131;140;118;123;125;130;151;157;189;192;216;201;198;168;148;116;82;72;52;45;55;52;71;58;70;53;52;42;37;43;41;71;77;97;104;113;133;145;175;182;206;212;228;227;226;220;207;199;178;173;154;152;134;133;116;104;88;68;61;42;39;50;57;77;80;91;89;88;82;73;67;59;56;54;54;54;59;59;67;61;62;55;53;51;50;60;73;99;109;128;131;142;142;145;143;145;143;140;140;132;129;114;111;101;106;106;111;113;113;112;108;105;92;82;69;67;61;72;73;80;76;80;76;77;70;65;69;87;111;147;166;177;167;152;125;107;83;68;54;47;44;52;66;79;89;102;113;131;143;156;159;163;158;154;144;136;128;125;128;135;150;155;160;153;148;144;144;142;136;129;112;92;70;72;95;121;155;184;214;234;256;272;285;295;302;305;299;290;267;252;228;208;190;183;181;166;144;118;98;87;92;105;116;132;148;166;183;206;225;241;253;259;265;269;274;269;261;244;228;208;187;162;139;115;101;94;92;88;88;90;100;108;114;114;112;109;102;96;85;76;69;64;61;66;74;84;96;103;107;109;114;121;134;141;145;139;129
2025-12-15T15:58:17.163078;Gravel;high;0.3920;50;100000;438;354;584;979;1000;1246;2585;3788;4069;4064;4024;3605;3102;2887;2331;2104;2355;2452;2709;2419;1709;1435;1081;810;761;609;623;621;533;546;408;398;329;380;287;318;253;256;240;229;229;225;173;126;88;58;41;36;47;65;87;241;553;833;1033;1077;1317;1865;2402;2700;2843;2612;2141;1849;1626;1370;1140;856;638;576;630;650;630;618;563;435;344;298;247;209;200;174;120;92;76;66;60;59;57;57;54;49;37;22;19;18;19;31;54;81;105;118;134;147;153;150;160;187;168;150;161;149;130;147;181;177;170;178;154;117;108;101;72;53;46;40;33;52;64;50;41;40;68;92;87;85;114;111;104;118;140;153;156;159;165;164;154;141;119;99;85;86;101;129;160;166;152;130;124;134;145;148;134;92;85;111;124;124;117;90;76;85;113;133;131;100;87;99;128;158;165;153;122;84;92;124;152;163;161;142;97;79;103;132;148;151;141;126;107;103;110;130;139;144;130;108;82;60;43;36;31;29;30;29;30;33;60;106;152;176;184;188;185;159;112;126;160;172;152;117;97;110;137;134;94;91;116;134;130;112;82;59;62;75;85;86;80;70;61;55;49;45;43;41;37;37;37;38;43;46;44;32;22;29;37;49;74;98;98;86;98;107;86;59;65;76;70;48;61;82;76;56;53;47;49;38;35;44;37;32;26;32;33;28;38;29;35;35;27;17;11;12;19;30;44;60;69;65;54;38;29;24;24;27;30;33;35;37;40;42;37;28;22;37;73;104;100;77;77;60;58;82;82;69;74;73;73;87;86;71;72;85;94;99;87;80;91;92;79;76;77;72;68;65;58;50;42;32;27;26;31;33;32;30;33;40;43;44;47;74;111;141;149;163;179;184;186;202;220;236;254;254;235;215;216;237;243;233;222;204;198;194;192;209;228;244;259;257;245;226
2025-12-15T15:58:26.530940;Gravel;low;0.0000;200;100000;137;200;226;256;261;252;243;240;218;207;189;171;156;130;116;96;88;77;72;76;69;115;217;338;580;851;1176;1570;2132;2760;3363;3991;4056;4057;4055;4058;4060;4058;4064;4055;4068;4055;4073;4061;4079;4063;4074;4057;4069;4057;4067;4057;4062;4060;4064;4059;4059;4059;4048;4053;3911;3807;3677;3440;3134;2842;2508;2253;1949;1744;1485;1336;1138;1016;881;790;681;620;557;532;516;525;536;568;602;643;685;708;748;754;801;787;828;794;816;751;740;643;602;493;445;343;306;231;227;182;210;188;230;210;243;217;244;224;247;229;243;223;235;222;233;225;232;233;237;244;252;266;274;289;291;307;301;323;305;314;277;271;227;227;202;213;193;187;161;151;134;123;121;115;126;125;147;147;174;171;195;192;211;206;217;207;206;193;184;178;167;167;156;166;161;176;165;168;155;151;141;136;129;125;128;131;138;147;159;146;143;120;113;90;78;53;48;32;32;19;20;13;13;7;15;13;21;35;54;88;118;161;184;213;226;245;252;260;257;256;254;248;246;233;227;205;189;159;135;104;80;5
2025-12-15T15:58:36.025472;Gravel;high;0.3940;50;100000;423;338;570;1014;1070;1015;2025;3192;3587;2951;2263;1758;1656;1909;1851;1989;2380;2380;2509;2232;1522;1274;908;766;790;654;713;709;613;618;466;390;345;412;300;315;257;257;252;238;233;223;182;150;103;91;92;96;85;62;89;236;446;675;894;915;692;855;1465;2200;2893;3207;3294;3022;2635;2189;1808;1363;991;868;819;765;663;519;375;303;273;267;244;185;161;138;128;147;159;142;126;94;73;52;50;51;50;76;77;59;59;97;112;110;95;76;64;74;96;105;106;95;72;50;58;90;120;138;133;111;84;66;61;65;83;77;82;121;160;169;143;116;109;84;86;129;159;146;106;76;84;105;101;86;81;76;87;103;78;78;103;105;81;66;54;40;39;47;67;77;87;94;94;80;68;64;60;64;74;88;99;101;95;106;133;167;185;168;145;158;171;160;146;164;186;181;171;199;243;251;214;170;168;183;193;194;186;157;132;132;138;138;131;120;107;94;97;116;132;131;124;112;89;67;52;45;40;42;49;52;53;45;31;21;19;24;27;31;38;79;119;125;92;82;93;99;85;65;71;85;94;75;62;77;68;56;65;62;56;48;53;52;43;48;53;59;45;64;98;122;128;121;104;85;62;40;22;14;6;5;9;13;17;17;17;9;10;12;8;6;12;38;55;65;61;79;82;58;38;40;48;41;35;29;45;56;41;42;55;55;42;41;30;47;64;51;40;41;56;64;53;42;25;18;17;19;20;20;17;14;10;7;6;6;6;10;15;19;21;24;26;27;32;35;56;92;130;139;113;111;122;112;105;121;136;147;147;133;122;111;110;128;160;175;172;160;156;151;140;132;124;121;114;104;90;72;60;55;43;39;28;16;7;6;11;10;7;2;3;6;13;22;30;47;83;119;159;192;219;253;274;284;281;273;279;277;254;231;216;216;226;233;221;200
2025-12-15T15:58:45.414919;Gravel;low;0.9711;200;100000;136;199;224;253;259;248;240;239;216;205;187;169;154;130;115;96;87;76;71;75;70;118;224;349;592;865;1188;1578;2130;2757;3364;3993;4056;4063;4060;4054;4059;4062;4059;4049;4065;4059;4080;4058;4073;4058;4077;4067;4066;4055;4071;4066;4067;4058;4060;4060;4061;4061;4056;4063;3985;3952;3806;3748;3609;3421;3175;2960;2693;2493;2225;2041;1762;1591;1356;1189;1007;873;743;643;577;521;513;454;479;429;474;432;479;448;496;471;520;498;545;522;552;530;560;542;571;556;578;561;565;544;530;505;473;457;412;409;362;362;306;306;260;249;199;172;117;114;106;162;187;268;305;377;402;445;453;469;465;457;443;418;404;373;371;343;353;322;317;273;252;209;189;155;142;115;116;106;120;117;131;123;121;112;107;98;101;94;95;91;86;82;66;60;40;35;27;20;30;25;38;32;34;23;23;23;44;67;107;138;187;216;256;274;295;292;288;271;250;225;201;182;164;159;139;129;100;78;59;40;39;43;52;71;85;108;125;144;151;168;172;178;179;183;189;197;206;214;227;233;245;238;237;224;215;200;193;175;160;138;115;96;72;54;35;21;24;24;37;46;58;67;73;81;86;96;97;107;104;107;103;101;89;78;60;44;27;23;31;47;68;93;114;136;144;149;140;130;109;91;68;49;34;26;33;47;68;94;109;117;112;107;97;89;75;62;53;39;30;25;24;27;23;25;22;23;27;36;46;51;60;64;68;65;59;50;38;29;21;21;25;38;54;76;93;110;124;132;138;130;121;107;98;86;76;59;47;41;49;55;62;64;72;87;110;132;151;163;174;176;174;165;155;140;120;100;80;66;48;33;22;21;18;22;27;34;39;46;55;59;60;52;46;41;37;34;33;38;48;61;68;74;74;81;82;82;72;62;48;40;33;39;56;84;106;124;138;153;165;177;176;172;160;152;140;124
2025-12-15T15:58:54.925220;Gravel;high;0.3930;50;100000;418;334;572;974;1008;1226;2532;3737;4062;4061;4005;3560;3068;2877;2349;2127;2372;2464;2716;2416;1695;1399;1050;772;721;586;617;648;534;533;408;429;333;384;298;332;267;264;234;208;223;249;220;173;154;131;102;72;79;94;131;269;477;753;1017;1235;1362;1571;2070;2869;3552;4037;4057;3955;3432;2715;1996;1425;1073;851;727;676;687;686;674;632;568;488;428;387;306;211;160;128;100;78;56;68;76;75;97;110;109;107;125;111;72;55;64;79;68;53;47;50;82;88;60;44;33;25;26;31;38;50;69;83;91;90;78;55;34;27;36;54;58;56;55;57;45;80;136;164;132;110;123;128;132;134;117;86;84;116;158;184;182;154;114;92;100;125;148;143;130;143;164;167;147;125;100;76;80;118;169;203;220;203;158;120;103;87;72;59;46;31;22;17;12;9;10;20;42;68;90;101;101;84;72;75;73;65;52;88;138;165;176;170;132;104;131;160;154;136;138;123;87;89;84;72;85;92;74;73;74;60;62;64;44;39;46;59;80;103;128;140;150;143;129;117;102;89;82;76;64;49;34;33;38;62;95;111;96;72;80;78;61;69;61;46;45;39;45;30;35;47;37;32;47;46;40;47;44;39;34;59;69;48;41;49;51;40;37;41;52;64;72;71;65;53;41;30;30;41;53;64;69;75;80;83;79;66;49;45;46;60;98;121;107;83;69;68;67;58;65;76;78;76;78;73;73;84;87;80;75;70;86;100;101;99;84;76;90;99;95;77;52;29;18;11;10;7;5;7;13;19;31;42;52;56;56;54;74;120;171;196;189;183;193;200;212;231;249;256;240;215;207;205;213;219;231;247;253;247;237;229;230;223;206;193;195;203;218;225;221;205;172;130;94;73;56;39;26;20;16;12;6;4;8;18;30;41;48;50;45;37;33;44;74;109;144;151
2025-12-15T15:59:04.354996;Gravel;low;0.7118;200;100000;137;200;226;254;261;252;243;241;220;208;189;170;155;132;116;98;89;77;72;76;69;116;218;342;584;860;1186;1580;2143;2772;3374;3994;4056;4057;4056;4058;4060;4059;4063;4055;4069;4055;4073;4060;4079;4062;4074;4058;4068;4057;4067;4057;4062;4057;4060;4058;4058;4057;4042;4037;3855;3781;3615;3341;2959;2613;2209;1902;1552;1320;1052;911;723;642;534;474;398;377;300;306;264;284;240;229;177;139;141;131;166;209;251;300;325;367;377;413;411;437;416;435;397;405;344;336;263;254;192;193;149;156;129;151;128;154;133;163;148;178;155;174;148;150;134;133;128;122;133;122;146;129;146;125;136;121;119;115;102;128;118;140;134;144;149;150;155;143;141;111;99;74;61;95;118;168;200;246;277;310;330;340;340;332;327;311;298;264;237;197;173;156;153;148;162;168;182;184;195;195;207;198;205;188;193;179;174;164;152;162;171;203;207;219;217;218;213;205;196;187;178;169;159;135;112;86;76;83;98;122;148;173;199;216;240;253;273;272;276;265;259;240;222;200;180;157;139;120;107;97;92;87;84;78;73;66;58;54;50;47;44;44;40;39;30;21;24;30;44;57;76;88;101;112;124;147;168;190;211;231;240;248;238;233;221;214;200;186;171;168;170;187;196;208;209;211;207;203;204;207;221;235;252;256;260;251;247;239;234;225;221;217;217;222;235;249;268;290;314;347;371;391;391;389;379;375;364;354;338;320;300;282;266;248;227;201;172;148;138;141;154;172;190;214;246;273;296;303;308;302;302;300;300;295;294;294;301;314;325;325;297;260;206;158;107;68;55;56;65;73;79;86;91;97;104;113;120;120;119;123;129;141;148;157;163;163;164;159;156;150;148;146;141;128;112;93;78;61;46;36;29;24;21;20;21;16;14;15;17;15;15;24;43;67;93;112;121;124;121;117;108;95
2025-12-15T15:59:13.842853;Gravel;high;0.4149;50;100000;445;355;582;1020;1076;1017;2027;3192;3582;2937;2240;1725;1649;1925;1912;2085;2485;2472;2568;2272;1564;1308;942;773;767;630;721;741;621;601;446;392;340;399;290;304;236;220;212;227;253;262;226;171;129;98;77;60;49;40;40;73;79;115;253;513;811;1076;1386;1689;2050;2378;2638;2884;2983;2832;2522;2045;1526;1128;891;723;584;479;362;283;259;235;202;185;159;160;192;194;201;220;214;175;160;183;214;212;211;227;218;189;154;126;111;98;96;92;78;59;41;28;37;59;75;83;81;78;85;100;120;119;105;81;69;84;91;83;112;126;141;172;184;146;106;103;98;80;64;53;81;117;119;98;85;105;124;112;81;65;65;62;50;45;43;41;36;39;50;57;56;61;67;65;48;52;78;101;115;117;102;96;95;85;97;113;134;146;134;110;96;99;128;162;194;212;209;171;123;105;117;128;129;144;162;168;166;173;190;207;187;142;114;105;113;119;138;159;178;202;201;169;133;90;61;46;38;34;30;26;20;20;21;19;23;39;50;56;57;65;70;80;97;98;82;79;74;72;92;111;106;101;114;102;77;87;113;108;88;74;59;53;61;74;81;66;44;48;59;56;48;35;22;18;20;25;32;30;26;25;25;19;15;22;33;38;43;51;59;67;77;91;90;78;53;55;48;46;35;36;40;40;28;43;45;39;49;45;41;62;57;46;54;50;40;32;40;41;34;30;39;54;67;72;68;60;48;28;21;25;31;34;33;33;40;38;38;39;41;40;41;44;41;29;50;90;120;128;107;90;83;89;97;99;92;74;104;156;176;132;100;107;129;154;165;139;112;107;109;106;93;78;61;48;36;24;18;22;28;36;42;43;40;30;24;21;21;23;27;30;39;71;110;165;219;255;267;264;271;292;299;301;296;287;280;270;254;238;232;239;245;249;265;265;233;196
2025-12-15T15:59:23.355021;Gravel;low;1.1421;200;100000;140;204;229;258;265;256;247;244;223;211;194;173;158;133;118;98;89;77;72;76;70;118;225;350;593;861;1181;1571;2132;2761;3369;3993;4057;4057;4054;4058;4061;4060;4064;4056;4069;4055;4073;4060;4078;4062;4073;4058;4069;4057;4067;4057;4066;4061;4063;4058;4061;4059;4062;4062;4012;3982;3788;3701;3429;3074;2653;2295;1912;1639;1344;1183;992;934;826;822;770;763;707;696;624;601;557;566;536;542;533;561;593;653;714;778;832;885;915;933;940;906;893;813;778;666;615;503;463;356;312;217;182;129;131;103;124;88;104;77;68;84;61;94;74;84;62;67;50;55;45;49;42;47;43;57;60;80;94;112;137;154;199;225;280;308;370;385;422;408;415;389;396;384;416;407;441;452;494;515;564;586;622;626;632;607;584;534;491;438;393;350;314;284;264;248;234;227;216;212;197;196;173;166;141;131;107;99;84;75;61;49;33;46;58;89;108;133;144;158;169;179;194;197;207;202;205;195;199;184;183;165;152;125;111;94;99;96;107;102;102;93;88;77;69;56;55;51;58;60;76;82;98;105;116;121;132;135;143;151;156;166;161;164;157;160;157;155;143;135;119;118;117;129;140;164;186;222;250;279;290;303;303;307;301;302;297;297;289;279;266;251;236;214;193;165;143;117;100;88;87;92;103;110;119;125;136;142;152;152;152;145;132;114;98;92;96;111;120;134;143;154;158;161;160;163;166;172;175;177;171;158;143;132;131;136;148;162;178;195;213;227;244;249;251;240;224;199;174;152;138;128;117;106;93;82;68;52;36;24;21;22;32;46;64;77;78;78;76;76;69;59;55;53;54;53;55;55;59;65;74;81;87;89;95;99;111;120;135;146;159;172;183;192;195;200;202;211;215;219;212;200;179;165;154;153;148;145;141;146;154;163;165;166;162;159;154;146;136;122;115;96;76;50
2025-12-15T15:59:32.753090;Gravel;high;0.3920;50;100000;439;354;584;980;1008;1226;2531;3729;4062;4063;3885;3390;2917;2784;2284;2084;2350;2466;2729;2446;1712;1404;1062;772;724;589;602;615;523;524;417;469;352;369;288;288;256;292;282;244;225;220;178;123;88;74;59;44;38;39;90;270;534;787;1040;1224;1508;1939;2340;2780;3237;3513;3662;3540;3341;2925;2475;2054;1795;1559;1326;1019;739;550;427;334;281;248;221;173;127;90;113;162;212;236;210;150;125;145;155;153;160;166;144;96;81;81;83;79;65;56;60;62;60;56;60;67;67;66;66;70;84;100;139;190;240;259;243;198;170;170;154;132;152;212;260;254;207;137;94;113;156;165;143;141;147;153;159;149;99;85;87;74;47;43;41;38;38;39;56;93;119;137;135;120;97;85;80;76;71;62;51;56;79;100;107;87;61;62;53;49;60;71;54;51;80;99;85;82;98;93;72;47;49;61;59;39;48;48;44;38;38;57;56;41;40;48;59;73;81;80;72;67;64;59;54;42;27;16;9;8;11;14;16;17;19;22;41;62;50;64;96;103;84;91;97;70;61;61;45;59;62;46;58;57;40;50;74;90;77;65;74;80;88;86;78;72;72;76;81;76;65;60;62;68;74;72;62;49;33;35;43;51;66;89;129;158;155;105;91;104;133;167;185;169;136;115;114;122;120;100;97;118;135;130;118;131;141;153;162;157;141;128;125;132;135;145;150;144;143;140;122;96;70;50;36;29;26;26;27;26;22;16;11;5;1;0;3;4;6;12;22;24;25;33;57;94;134;172;183;161;136;143;164;181;173;151;140;137;121;100;106;119;123;125;115;96;87;81;85;112;122;109;81;50;41;36;31;22;12;8;6;4;5;11;21;32;35;34;26;19;51;84;98;105;91;64;67;70;61;56;67;66;50;64;60;52;51;54;54;46;53;49;44;44;44;40;35;30
2025-12-15T15:59:42.365961;Gravel;low;0.6556;200;100000;135;198;224;253;260;250;242;239;217;206;189;170;155;130;116;96;88;77;72;76;71;117;219;342;585;859;1184;1573;2135;2770;3366;3987;4053;4063;4060;4056;4055;4055;4067;4064;4066;4055;4072;4057;4073;4060;4074;4059;4073;4066;4064;4052;4060;4056;4063;4059;4062;4063;4067;4066;4034;4037;3887;3795;3634;3383;3050;2738;2385;2112;1781;1569;1309;1174;996;892;757;686;585;509;425;367;313;302;298;353;395;473;525;593;631;680;707;735;751;755;760;739;735;687;676;610;598;519;503;417;392;315;292;231;207;168;144;132;103;102;74;65;71;61;91;107;140;169;193;228;243;284;286;327;310;322;288;271;237;201;185;152;159;131;139;121;137;124;125;108;87;74;55;44;73;86;140;161;204;213;228;220;217;202;185;169;153;143;130;123;113;116;109;124;111;117;102;102;91;88;78;67;80;80;99;107;125;146;162;193;212;252;270;290;289;289;282;273;262;248;245;235;239;222;209;174;140;105;87;95;106;125;150;171;194;208;227;230;234;216;202;180;165;146;135;123;116;111;105;106;100;114;115;129;128;135;131;128;119;109;98;87;74;60;51;32;26;30;43;69;88;115;128;140;139;136;123;107;96;83;80;67;65;62;68;72;79;90;96;105;109;118;118;123;115;106;91;85;79;81;79;80;73;70;62;54;47;42;38;37;36;37;40;44;53;52;52;44;43;45;53;62;69;78;78;82;84;90;91;92;88;92;96;109;115;129;140;157;169;184;190;200;201;206;205;204;201;192;177;155;133;105;85;61;45;29;21;24;41;52;62;67;77;87;100;113;125;137;141;141;132;118;97;81;61;51;46;51;62;80;97;121;140;159;173;190;208;222;234;237;239;232;222;200;171;137;102;68;44;46;60;78;96;112;128;135;140;136;132;123;118;112;109;106;96;88;76;69;58;45;30;18;10;10
2025-12-15T15:59:51.753089;Gravel;high;0.4011;50;100000;410;329;565;1012;1077;1021;2014;3178;3571;2921;2217;1716;1654;1937;1926;2102;2505;2474;2558;2244;1531;1287;930;766;764;620;705;726;610;587;442;397;333;390;295;328;266;246;234;223;206;185;141;108;81;56;56;84;108;119;138;165;245;482;796;1153;1365;1352;1298;1568;2212;3082;3679;3979;3737;3250;2647;2184;1841;1602;1355;1181;1115;1096;1005;870;692;500;332;232;170;144;137;126;117;111;120;144;160;151;132;103;83;78;72;57;85;98;90;91;73;70;81;68;55;45;67;92;84;105;129;112;79;78;130;177;190;196;193;142;101;83;64;54;77;76;50;47;58;79;87;87;96;117;145;171;173;153;116;95;89;83;70;60;59;57;52;47;59;83;87;70;74;74;70;75;66;84;80;56;47;48;85;89;68;62;71;95;99;76;75;99;106;85;59;54;61;77;64;43;47;78;113;138;139;128;112;120;141;145;136;130;126;126;118;100;79;70;59;57;59;70;84;106;142;161;153;147;136;94;88;112;141;172;188;183;163;139;121;110;102;104;107;112;132;147;147;125;102;104;118;132;144;147;145;143;126;108;99;104;130;149;145;125;93;66;53;46;46;50;56;64;67;66;67;62;55;40;31;29;34;39;32;51;86;118;137;135;110;91;114;153;162;126;101;109;110;98;94;93;77;71;72;77;91;94;72;57;74;97;97;77;50;37;25;13;8;10;18;25;28;27;25;20;13;15;20;24;22;19;34;64;90;85;58;48;51;64;54;50;61;53;51;48;37;46;56;45;44;56;42;42;39;34;33;49;50;37;49;53;51;41;37;33;24;26;28;28;23;17;11;7;6;5;7;10;15;21;24;23;17;8;4;4;6;5;11;53;95;121;134;129;104;84;95;110;116;117;115;111;118;130;122;106;112;124;136;137;123;122;139;139;129;110;89;67;47;33;23;16
2025-12-15T16:00:01.160532;Gravel;low;0.0000;200;100000;135;199;224;253;260;251;242;239;218;206;189;170;155;130;116;96;88;78;72;76;70;118;228;354;596;868;1188;1577;2134;2756;3354;3985;4056;4063;4060;4054;4054;4060;4066;4052;4063;4058;4077;4058;4074;4059;4072;4062;4072;4059;4065;4051;4060;4060;4063;4060;4062;4065;4065;4054;4000;3979;3804;3744;3516;3239;2860;2537;2158;1895;1580;1381;1135;997;819;736;604;530;450;403;354;305;299;237;249;173;197;140;161;129;149;141;148;153;150;160;142;163;132;149;111;119;92;110;93;119;100;130;104;136;108;141;120;147;133;142;137;131;141;124;160;141;164;147;143;137;117;141;119;141;130;136;135;131;136;117;124;94;107;89;102;95;107;110;115;124;113;122;104;110;90;88;73;81;86;108;118;140;139;150;145;162;161;184;177;192;176;179;166;165;153;145;147;146;167;175;208;214;231;230;232;222;209;192;168;149;119;106;83;74;77;88;114;135;170;185;211;209;210;185;164;131;99;68;59;58;81;93;123;138;165;176;199;206;222;225;232;234;229;223;215;208;200;196;194;198;197;200;184;172;143;122;88;63;41;30;29;33;40;48;51;59;54;53;42;43;39;44;51;59;72;85;101;109;119;114;112;98;92;80;72;62;61;60;65;66;60;64;59;60;53;48;41;36;27;22;20;32;44;64;78;94;105;114;123;131;138;138;138;126;116;98;84;75;68;74;83;97;96;95;85;85;91;113;133;151;159;167;173;180;181;182;177;171;159;141;122;100;85;76;68;63;59;66;77;96;114;133;149;157;157;141;122;97;80;74;83;101;109;115;108;100;86;77;69;67;67;70;69;65;57;49;35;20;19;23;31;39;48;56;59;59;55;49;39;32;26;23;33;42;56;62;72;78;83;83;83;81;80;79;82;85;94;104;118;131;138;137;138;144;157;171;178;177;168;164;159;157;146;138
2025-12-15T16:00:10.664531;Gravel;high;0.4004;50;100000;463;371;594;987;1006;1244;2578;3779;4068;4071;3985;3511;3022;2844;2312;2093;2348;2451;2709;2420;1703;1416;1062;784;736;596;627;652;542;545;409;408;328;373;286;320;254;204;167;165;182;209;195;184;184;171;156;122;103;108;156;180;275;479;731;899;945;1072;1335;1613;1997;2348;2584;2605;2295;1683;1214;1037;927;761;571;526;562;600;599;501;392;338;306;276;254;267;280;294;285;268;239;227;218;211;200;193;183;164;131;103;100;99;82;65;68;61;87;119;133;148;160;147;121;111;107;111;111;94;75;97;135;158;160;134;113;129;141;150;153;129;120;146;145;106;68;46;32;20;13;17;25;31;48;55;60;55;46;35;33;38;45;55;75;113;123;91;73;60;48;38;35;56;80;102;153;163;147;137;112;86;64;61;67;54;44;52;41;32;24;28;29;33;28;54;85;91;88;86;82;84;96;111;128;135;134;130;118;109;97;75;48;39;47;53;50;32;24;24;27;46;79;100;105;86;58;64;67;54;60;67;52;58;68;74;74;72;71;74;68;49;75;118;138;115;85;81;74;59;47;36;32;33;34;33;27;18;8;6;7;10;16;23;24;16;8;5;8;28;66;93;106;121;137;157;176;206;233;240;218;177;145;128;121;124;153;188;216;231;228;225;230;233;214;169;121;96;87;111;150;181;203;199;184;149;111;77;51;33;24;24;28;36;43;42;35;25;13;5;0;0;0;12;45;91;120;124;102;89;99;119;126;104;85;85;91;101;110;99;71;78;89;83;80;73;60;61;56;83;93;68;47;33;22;20;24;24;21;25;24;22;18;18;17;16;14;10;6;3;0;0;0;8;55;79;68;60;59;50;42;59;56;43;48;56;48;46;55;58;47;50;60;50;58;62;47;72;86;66;73;90;80;66;58;55;59;64;60;56;53;47;43;40;39;33
2025-12-15T16:00:20.152193;Gravel;low;0.0000;200;100000;136;200;225;254;260;251;244;242;220;208;190;171;156;131;115;97;88;77;72;76;69;119;228;354;595;868;1190;1578;2136;2765;3364;3990;4067;4063;4054;4049;4053;4054;4063;4056;4069;4061;4081;4057;4071;4056;4072;4058;4069;4062;4071;4054;4067;4060;4056;4054;4057;4062;4056;4051;3905;3863;3725;3514;3149;2811;2405;2092;1745;1525;1271;1143;971;900;765;726;627;591;517;501;470;473;479;493;515;538;577;592;633;627;670;642;677;629;659;610;638;600;620;580;588;545;537;492;474;433;400;358;317;282;246;231;190;190;143;145;92;80;84;61;97;105;140;159;180;211;220;256;252;284;263;266;236;218;199;179;187;174;202;204;245;248;263;247;232;213;179;169;125;110;93;85;105;107;139;134;152;144;153;148;148;139;128;129;116;131;117;123;114;113;109;105;117;117;138;134;144;140;136;125;113;100;102;104;123;141;173;200;237;263;291;307;316;317;305;301;284;278;260;251;228;213;178;162;141;143;141;165;179;206;221;236;241;250;251;252;246;238;230;209;195;170;161;139;129;109;103;93;95;95;97;100;109;116;123;133;125;121;103;94;81;79;78;83;86;90;95;96;100;99;109;109;112;101;92;77;69;60;59;59;56;58;59;59;58;67;73;90;102;119;128;131;129;134;142;156;164;171;172;172;173;173;177;174;175;172;180;183;194;204;220;235;250;259;264;264;253;235;202;168;137;119;114;114;116;122;130;143;156;174;183;196;200;206;207;209;214;222;226;224;216;199;186;169;156;136;117;97;82;65;44;29;19;13;10;12;16;27;44;64;84;106;140;171;206;227;244;252;263;257;254;240;228;208;187;163;132;97;64;55;66;80;98;111;123;133;140;141;141;140;139;138;136;141;144;149;150;152;151;150;142;132;124;109;93;75;61;52;47;45;48;50;46;41;38;41;44;57;75;82
2025-12-15T16:00:29.655036;Gravel;high;0.4005;50;100000;423;338;571;1016;1078;1021;2032;3197;3587;2937;2231;1717;1635;1917;1950;2139;2527;2492;2576;2275;1561;1310;945;778;769;626;715;737;621;597;446;407;331;375;275;280;193;167;178;209;229;242;236;234;217;164;134;129;131;128;125;133;258;483;739;870;901;1016;1307;1701;2155;2464;2571;2366;1889;1270;1072;1015;888;694;460;403;418;444;476;450;380;300;249;241;254;280;304;325;318;307;288;275;261;244;236;252;274;271;250;246;230;164;146;151;116;109;146;162;155;162;160;128;102;97;91;84;77;79;100;143;165;149;134;125;130;136;123;119;136;153;165;157;131;94;66;49;47;48;43;42;72;112;145;130;91;85;70;55;68;72;49;40;69;85;64;56;47;51;73;56;50;51;53;97;115;132;137;101;81;64;66;77;70;55;39;32;34;42;49;48;49;51;60;78;100;121;131;124;108;97;96;98;104;103;102;98;97;116;120;100;83;53;52;72;57;54;68;52;49;70;74;66;51;50;73;81;55;70;77;52;67;90;92;85;67;48;42;46;50;51;54;63;65;57;45;28;18;14;15;19;26;37;39;32;39;59;93;123;136;133;137;143;135;134;162;177;169;151;140;134;129;134;148;160;171;192;207;200;173;135;113;107;117;139;170;198;207;198;177;173;179;175;150;125;110;82;58;60;70;71;65;58;51;41;27;19;20;26;31;37;42;46;48;47;42;39;60;93;118;126;121;111;104;124;141;113;92;115;135;130;94;87;108;114;100;96;85;73;74;80;85;91;80;57;57;58;46;33;30;29;27;27;35;41;42;34;21;9;6;9;15;15;16;15;15;47;71;85;80;61;67;74;54;55;69;51;45;60;55;41;45;54;52;44;48;60;62;43;57;76;62;57;57;53;69;74;52;32;25;31;32;30;29;25;24;24;25;19;18;21;25;31;32;30
2025-12-15T16:00:39.194911;Gravel;low;0.0000;200;100000;137;202;229;257;262;252;244;242;220;209;192;172;156;130;115;97;88;76;73;76;69;116;218;338;581;856;1183;1580;2142;2771;3370;3992;4056;4057;4055;4057;4060;4059;4063;4054;4069;4055;4073;4061;4080;4063;4074;4058;4068;4056;4069;4058;4063;4059;4063;4059;4059;4060;4047;4050;3886;3790;3661;3398;3048;2721;2345;2062;1740;1526;1271;1131;942;845;732;683;588;565;541;561;569;591;613;617;642;637;664;658;676;661;682;660;694;664;699;662;692;644;655;594;583;518;487;423;388;340;297;272;232;237;204;226;193;212;182;199;178;189;177;192;179;192;187;198;199;202;203;201;204;199;209;200;215;200;210;179;180;151;163;142;164;154;172;169;183;180;189;179;179;175;167;166;156;161;151;170;160;174;164;168;164;175;177;183;189;195;202;201;207;198;208;202;214;203;208;193;197;185;187;173;164;144;135;124;128;130;139;165;189;230;244;257;252;246;239;230;223;210;201;186;179;161;149;120;104;91;92;107;138;166;208;233;266;280;296;290;285;264;240;212;181;149;113;89;65;59;65;71;85;81;77;53;34;31;37;49;66;74;80;77;76;68;76;77;87;92;102;111;121;131;140;150;156;161;158;164;163;169;167;169;162;163;156;150;134;123;107;98;85;81;70;66;64;48;36;30;25;29;36;43;53;64;78;85;99;108;122;131;137;149;161;172;186;203;222;246;262;277;283;289;284;279;266;253;235;215;192;166;147;141;138;140;139;136;129;116;103;92;89;91;102;118;142;159;173;174;175;172;174;173;174;178;186;199;217;236;255;267;269;256;228;195;157;121;100;90;93;97;98;100;97;96;90;86;84;91;96;102;106;115;132;155;179;194;202;199;197;193;190;188;186;182;181;178;176;168;158;144;135;124;117;109;99;94;88;83;76;72;64;58;58;70;84;100;112;123;129;135;134;126
2025-12-15T16:00:48.675500;Gravel;high;0.4081;50;100000;437;353;583;979;1008;1221;2523;3721;4062;4063;3906;3422;2946;2799;2295;2089;2347;2453;2709;2418;1703;1417;1062;784;732;590;613;626;529;549;414;415;332;399;306;335;296;296;279;275;279;268;209;170;118;106;112;128;133;113;106;135;225;351;438;437;606;988;1392;1586;1765;1879;1936;1970;1858;1739;1695;1586;1537;1504;1472;1325;1158;960;708;482;328;215;171;183;212;221;218;191;157;131;115;106;104;108;103;92;102;116;96;104;144;174;178;141;101;120;163;173;145;116;90;89;86;72;71;73;84;88;62;75;99;102;78;65;57;40;56;88;113;130;123;105;111;130;130;117;108;123;150;168;154;124;92;71;62;51;36;55;76;59;64;70;50;48;53;43;41;39;35;41;47;76;71;52;54;83;85;101;111;86;69;70;64;45;57;54;57;72;65;51;51;42;34;33;36;44;56;65;72;81;86;84;72;60;54;60;73;89;91;86;97;119;144;159;158;136;102;68;61;77;97;107;90;57;59;79;103;109;103;81;64;77;88;86;111;142;145;119;126;160;174;161;125;95;80;82;85;77;60;45;39;35;29;28;31;27;24;19;15;12;10;20;47;85;126;156;175;188;189;171;131;125;162;204;218;194;149;143;159;169;162;156;174;189;195;192;177;151;131;131;143;159;173;171;149;112;78;56;48;42;40;43;40;31;19;10;6;2;5;18;27;33;33;30;35;70;97;110;107;95;94;96;83;76;81;93;99;85;74;82;86;76;61;67;82;77;62;60;72;79;58;50;58;71;84;89;87;79;73;65;57;45;31;31;34;34;32;32;26;20;17;17;16;16;17;20;39;59;61;51;48;45;56;53;46;67;56;55;82;70;54;65;63;60;55;52;54;67;78;59;59;81;84;67;55;59;55;41;26;16;16;19;23;21;13;7;15;24;33;34;32;30;27;28
2025-12-15T16:00:58.103477;Gravel;low;1.1694;200;100000;136;199;224;253;259;251;241;239;217;207;189;170;156;129;116;96;88;77;72;77;70;118;219;341;582;856;1181;1575;2138;2767;3369;3993;4056;4058;4055;4058;4060;4058;4063;4055;4069;4055;4073;4060;4080;4063;4075;4058;4070;4057;4067;4059;4067;4058;4062;4057;4054;4055;4052;4050;3910;3841;3719;3489;3125;2775;2356;2021;1648;1395;1110;956;756;673;546;486;413;409;364;391;363;373;344;329;296;262;244;198;196;156;160;122;143;105;137;105;133;118;142;142;162;178;195;222;226;263;253;291;257;270;218;207;153;132;93;82;62;72;48;70;51;74;51;71;48;59;47;46;57;72;91;113;126;156;160;192;183;200;166;151;101;74;58;62;68;94;103;146;162;218;242;293;314;346;360;375;384;387;388;373;367;331;308;249;212;154;117;75;52;39;41;44;66;77;113;132;172;196;236;260;292;308;328;339;348;361;368;389;390;397;369;344;297;254;208;163;133;98;85;66;61;70;83;110;128;155;166;179;181;184;192;198;217;220;230;219;216;199;183;159;133;104;74;55;51;64;86;103;128;134;143;132;125;109;108;106;121;130;141;140;138;131;128;120;115;114;116;119;120;124;118;117;104;96;81;77;70;77;85;98;108;121;130;139;144;152;158;160;159;155;160;158;156;136;113;84;55;35;31;36;50;61;79;91;111;129;149;163;179;195;212;224;238;248;254;257;250;243;227;208;183;160;136;120;106;104;106;125;148;178;201;226;246;270;290;307;316;324;324;324;320;312;301;279;253;216;183;146;117;90;72;58;53;53;56;58;59;53;52;54;65;78;93;104;116;131;149;162;159;152;141;137;130;126;123;122;124;119;107;88;68;49;35;22;24;38;57;80;105;133;158;169;177;176;171;162;154;143;135;128;123;122;114;102;81;59;47;41;49;61;82;105;125;135;133;131;123;125;112;99
2025-12-15T16:01:07.632379;Gravel;high;0.4047;50;100000;474;379;596;1027;1083;1023;2008;3177;3556;2900;2198;1700;1642;1927;1903;2069;2470;2460;2557;2262;1551;1295;936;773;759;622;722;751;623;589;444;412;333;384;282;309;253;249;244;226;186;133;100;83;77;88;90;104;115;122;131;156;249;389;457;443;653;1079;1497;1721;1771;1722;1655;1557;1426;1350;1341;1363;1432;1520;1495;1354;1144;896;601;403;289;189;155;174;202;206;202;173;131;93;70;60;65;80;91;100;100;97;80;61;59;51;55;83;107;120;111;95;91;83;80;75;55;70;72;71;93;86;66;78;83;68;50;46;35;49;90;117;118;112;120;117;117;129;135;133;128;142;161;164;145;115;95;84;72;54;32;26;35;54;72;89;115;108;89;91;104;85;73;62;75;83;109;104;69;44;61;80;69;66;60;56;38;53;66;59;71;66;47;41;42;54;38;26;24;34;52;62;66;72;78;80;74;64;52;51;53;53;47;44;57;79;97;107;107;99;103;120;144;161;158;123;94;92;100;110;108;92;69;54;74;95;100;112;125;121;98;120;168;206;199;145;112;128;146;155;141;110;75;51;39;32;34;48;59;55;43;31;33;40;43;40;34;33;47;73;91;106;116;109;112;143;174;197;183;141;135;162;200;216;199;183;178;174;163;142;106;94;109;129;136;135;126;115;98;79;53;34;31;26;17;9;10;15;17;20;24;30;37;47;54;54;47;37;25;37;56;76;89;95;89;72;69;77;60;64;76;71;72;73;56;50;57;70;58;53;60;60;58;41;45;58;53;45;32;20;24;42;57;65;62;54;39;31;32;32;31;28;21;13;6;14;30;48;65;76;90;113;98;77;56;72;64;50;59;40;50;71;52;56;68;55;51;52;44;50;64;71;48;58;87;87;59;61;70;66;49;37;36;38;38;37;32;26;19;14;16;21;23;22;20;20;21;21
2025-12-15T16:01:17.162772;Gravel;low;0.5973;200;100000;135;200;225;254;260;250;242;240;219;208;190;170;155;131;115;97;88;77;72;76;69;119;226;352;592;867;1187;1576;2136;2765;3365;3990;4056;4063;4064;4063;4062;4056;4062;4054;4068;4056;4075;4061;4078;4062;4075;4057;4069;4056;4066;4057;4064;4057;4061;4058;4060;4059;4053;4056;3918;3854;3730;3515;3162;2815;2400;2061;1684;1426;1129;967;762;674;545;487;413;421;381;427;404;428;391;385;344;308;276;224;208;162;151;115;113;88;97;77;87;69;84;77;93;107;124;153;160;198;190;233;205;224;178;174;129;115;82;79;58;69;46;62;43;59;41;56;43;46;48;49;66;83;104;129;141;170;173;207;199;215;179;160;109;79;61;70;81;114;134;181;208;269;300;354;375;409;422;436;439;438;437;420;409;365;337;272;232;169;132;86;72;56;66;72;99;114;155;174;217;240;281;301;333;348;365;375;384;395;399;415;415;421;393;363;311;266;216;170;131;92;71;48;43;54;68;97;114;143;154;170;178;188;207;221;245;250;260;246;242;222;206;178;150;119;86;60;48;52;72;87;109;115;121;108;102;86;89;89;106;115;130;131;132;123;119;114;114;116;117;124;125;131;120;113;92;80;62;56;51;57;68;88;104;126;143;158;169;182;193;200;202;203;208;210;207;184;155;117;87;57;45;43;48;53;67;77;100;120;141;156;172;186;203;214;223;228;229;228;223;216;201;183;161;143;117;100;85;78;82;99;120;147;166;189;210;233;244;257;262;268;265;262;255;247;239;223;202;168;139;107;85;61;44;30;24;25;29;32;36;29;19;18;29;42;58;72;88;103;121;139;138;134;124;119;112;107;104;104;105;98;90;77;67;50;36;30;30;36;47;65;83;103;121;130;137;133;134;130;128;121;118;118;118;117;106;95;80;70;69;71;80;86;93;99;104;101;90;84;79;73;57;49
2025-12-15T16:01:26.560384;Gravel;high;0.4019;50;100000;406;329;568;972;1008;1219;2524;3725;4062;4062;3912;3428;2957;2809;2306;2098;2354;2462;2721;2429;1712;1419;1069;783;728;588;626;652;545;545;406;397;323;353;272;315;261;234;210;214;241;269;258;233;183;123;106;114;120;98;76;108;254;440;568;578;737;1064;1408;1548;1666;1755;1817;1867;1784;1700;1690;1613;1574;1525;1477;1335;1184;1013;756;489;336;227;187;177;205;228;211;184;167;148;117;100;112;104;103;109;87;85;93;76;91;98;94;111;138;141;153;144;98;74;75;62;40;33;27;24;28;43;55;64;67;65;53;37;24;32;57;90;112;124;113;99;115;145;155;121;88;83;130;171;153;101;74;68;86;85;77;57;59;76;73;57;77;85;89;71;59;66;62;78;108;108;87;62;49;52;62;69;68;59;48;35;24;19;22;32;45;54;58;51;36;26;46;73;85;91;102;126;159;187;196;176;145;137;156;181;201;204;181;162;146;110;76;86;118;141;156;167;165;160;162;168;173;171;166;168;164;154;141;120;93;76;54;45;58;77;97;122;135;146;135;116;93;79;70;68;68;60;44;31;48;75;96;102;87;84;84;75;75;93;94;74;60;64;70;77;77;72;51;67;103;112;92;101;100;73;83;91;71;49;52;65;76;81;76;69;56;50;43;35;26;22;22;28;41;49;51;50;43;42;59;61;49;49;37;43;55;43;30;43;43;34;42;37;34;29;37;36;26;38;49;36;38;46;45;29;43;65;51;52;70;83;84;78;66;46;27;14;13;15;17;17;16;23;37;50;65;76;77;69;56;45;36;36;38;78;117;138;130;112;106;93;81;100;131;145;125;107;109;116;137;153;145;117;123;148;159;138;108;121;151;164;158;142;116;89;58;36;32;34;34;28;22;22;21;15;8;17;28;36;49;64;94;128;173;213;228;245;256;268;284;284;275;251
2025-12-15T16:01:36.110829;Gravel;low;0.5919;200;100000;135;198;225;253;259;250;242;240;219;207;189;172;155;130;115;96;88;76;72;76;70;117;216;336;580;856;1185;1582;2142;2782;3385;3998;4055;4058;4054;4057;4060;4058;4064;4056;4068;4056;4073;4060;4078;4063;4075;4058;4068;4056;4068;4059;4065;4059;4062;4058;4060;4060;4051;4056;3915;3844;3715;3490;3134;2790;2376;2044;1668;1416;1129;976;774;689;567;513;433;438;394;430;402;415;378;359;321;278;252;195;187;141;140;101;114;79;107;79;103;96;115;117;137;154;169;197;199;235;224;261;224;238;185;175;123;101;84;71;59;71;65;84;74;96;82;104;83;100;73;73;57;57;66;84;94;124;132;169;168;194;171;166;132;108;79;65;44;62;63;98;111;164;190;244;271;310;331;354;362;367;366;350;337;301;270;214;179;122;93;64;55;53;61;70;91;103;137;153;193;214;252;268;295;305;320;327;332;340;342;358;359;373;346;323;280;240;200;158;130;93;76
2025-12-15T16:01:45.604484;Gravel;high;0.3990;50;100000;432;345;576;1016;1072;1020;2036;3209;3597;2924;2168;1649;1633;1968;2091;2336;2724;2642;2667;2331;1596;1336;973;791;758;613;722;752;623;584;439;413;333;378;278;303;244;239;248;255;241;221;162;131;106;85;65;61;57;45;54;115;302;521;636;597;700;1072;1504;1698;1813;1828;1754;1638;1401;1208;1197;1234;1321;1361;1340;1190;1016;829;618;435;293;192;178;208;238;245;241;214;178;160;147;140;133;130;133;161;186;175;132;132;148;136;97;78;84;132;177;183;157;139;121;123;141;147;146;135;104;92;114;150;170;167;156;149;151;164;168;158;128;82;70;66;45;47;68;95;105;111;133;149;132;93;61;56;57;49;30;23;23;29;38;47;48;40;41;44;44;37;26;33;46;42;77;114;132;155;159;124;91;104;113;116;103;89;82;99;103;71;74;88;75;71;73;75;64;44;53;77;88;82;61;37;29;35;47;58;68;72;61;49;66;90;110;117;106;89;76;65;55;64;70;47;55;62;54;34;40;50;50;43;59;64;42;35;57;91;98;128;150;141;129;120;88;83;87;69;70;71;50;55;50;33;30;45;67;69;55;37;30;33;37;35;34;29;29;29;24;24;34;53;71;85;88;85;82;89;94;73;87;104;84;90;110;99;68;80;103;113;91;80;85;97;115;118;88;70;88;110;128;122;108;96;93;89;73;48;29;18;9;14;22;26;25;18;10;10;11;13;13;17;22;26;27;37;68;111;149;179;196;196;200;201;205;222;237;241;231;220;217;212;201;194;184;169;170;185;219;241;224;181;157;162;171;183;194;183;155;112;74;50;35;28;27;27;31;36;38;31;20;10;9;10;12;16;25;50;71;89;131;163;159;122;103;99;104;112;108;112;125;107;85;93;106;101;86;86;78;76;90;88;68;66;82;82;68;66;57;40;28;18;18;21;24;29
2025-12-15T16:01:55.085511;Gravel;low;0.5967;200;100000;137;200;226;257;261;253;244;241;220;211;192;172;157;132;117;97;89;78;74;76;71;119;221;343;584;854;1175;1568;2127;2747;3341;3980;4056;4057;4054;4058;4060;4058;4064;4056;4068;4055;4077;4061;4079;4063;4075;4058;4069;4057;4067;4058;4065;4058;4061;4058;4060;4059;4050;4054;3905;3823;3693;3438;3069;2719;2308;1985;1621;1376;1095;944;744;665;547;499;426;436;396;433;409;426;399;386;353;311;289;230;231;176;182;131;150;105;133;103;124;111;128;128;149;160;174;197;201;230;223;256;223;240;190;189;138;132;89;94;61;82;56;81;59;80;54;68;47;51;48;38;50;58;78;95;104;129;131;162;156;176;148;137;100;69;72;64;74;91;104;140;156;211;237;292;314;351;366;385;390;389;385;365;352;313;286;227;186;125;92;65;57;56;65;73;96;110;147;163;205;227;267;283;310;323;338;347;352;361;365;384;384;394;370;349;306;265;219;175;141;103;83;53;42;42;46;71;85;113;128;148;159;171;187;204;228;237;252;245;246;227;212;188;163;135;103;86;65;61;70;84;100;108;119;114;117;107;111;111;126;131;138;134;132;128;123;117;113;114;115;118;118;121;115;111;93;82;67;66;69;83;96;117;133;150;160;171;174;180;182;182;178;174;175;171;167;147;124;98;76;60;43;40;43;48;60;74;96;113;133;148;165;179;197;208;218;226;233;235;229;222;207;192;172;153;125;103;84;76;81;99;120;149;169;190;207;228;242;258;263;266;261;256;248;242;232;214;192;163;147;112;91;67;49;38;34;36;39;47;40;35;29;30;41;53;68;78;91;104;120;133;133;129;121;118;112;105;107;108;112;108;98;82;68;50;37;38;44;56;66;80;95;113;131;139;146;147;147;140;135;131;132;132;134;136;132;122;104;87;70;61;60;58;64;66;73;78;78;79;76;75;67;61
2025-12-15T16:02:04.585563;Gravel;high;0.3999;50;100000;439;355;584;980;1006;1224;2537;3729;4063;4051;3737;3197;2730;2613;2122;1969;2283;2413;2685;2412;1700;1415;1060;788;727;583;617;636;543;552;425;441;349;361;273;310;243;226;212;203;200;193;152;118;88;54;39;31;22;18;23;128;295;481;536;476;684;1101;1434;1605;1705;1714;1656;1585;1497;1487;1525;1577;1606;1653;1629;1540;1360;1167;931;681;465;330;301;291;276;277;272;227;174;161;161;160;162;152;138;129;122;112;88;60;44;33;23;16;10;10;18;31;38;37;29;51;88;95;92;107;90;74;92;106;104;89;77;78;70;82;123;166;188;173;122;96;90;76;82;106;136;173;203;208;193;166;134;105;80;55;37;34;44;55;64;70;70;67;83;109;128;129;116;94;86;84;77;96;123;140;162;194;220;222;208;201;192;172;142;143;162;175;167;150;148;136;117;106;83;77;111;148;165;168;153;118;88;67;58;59;66;69;62;50;49;64;76;84;84;82;78;66;55;50;66;101;128;135;112;75;62;66;79;85;58;60;69;81;95;94;90;134;171;167;152;148;121;78;73;75;56;71;72;60;74;78;68;66;73;74;69;55;43;40;41;38;34;29;28;28;25;22;26;38;54;66;71;69;64;71;72;66;100;108;77;61;58;59;60;43;57;83;75;50;53;66;53;44;55;67;69;52;54;74;72;60;57;54;46;33;23;18;21;32;42;44;37;26;15;15;16;15;12;14;16;19;17;14;15;50;88;108;119;131;135;131;125;136;159;168;156;151;144;133;136;147;154;164;184;209;210;164;145;166;200;220;220;213;190;154;132;141;163;186;199;196;184;181;174;159;131;95;68;52;39;31;29;32;37;44;53;64;68;65;55;43;29;18;8;7;10;37;83;112;121;136;165;192;194;177;170;175;175;159;137;139;152;150;137;126;115;111;120;130;124;98;88;94
2025-12-15T16:02:14.030787;Gravel;low;0.5994;200;100000;136;200;226;255;262;252;244;241;219;209;190;172;157;131;116;96;88;78;72;76;72;122;227;350;590;861;1182;1572;2131;2749;3337;3979;4056;4059;4055;4058;4061;4058;4063;4055;4068;4055;4073;4061;4079;4063;4076;4059;4069;4056;4067;4060;4065;4062;4062;4058;4059;4060;4045;4041;3847;3793;3595;3300;2891;2521;2097;1786;1446;1232;995;875;719;674;556;538;464;437;388;405;375;374;352;339;323;298;291;260;267;221;249;205;243;211;247;226;252;247;261;261;262;267;257;267;247;260;225;233;189;192;146;158;118;128;94;110;84;109;88;103;84;78;80;58;73;47;57;49;49;57;47;75;65;94;89;108;111;121;132;131;143;139;157;143;155;128;120;83;69;50;53;59;82;94;116;122;145;148;174;177;201;189;199;177;175;155;148;129;117;95;77;53;48;41;66;80;118;138;175;194;221;230;244;249;256;265;274;300;306;320;313;312;299;288;272;253;236;208;187;150;120;78;60;83;102;138;163;193;212;230;242;248;251;238;229;200;180;147;122;90;72;51;46;35;32;23;23;17;20;23;35;40;54;60;74;77;84;86;95;99;105;105;106;105;103;102;98;100;95;93;78;64;40;29;19;20;20;28;30;38;39;43;37;36;30;31;31;42;51;66;72;76;73;67;58;59;66;86;105;126;145;161;177;190;200;208;217;227;244;254;261;256;250;246;248;252;261;268;270;267;254;244;231;229;223;224;223;234;246;264;274;283;283;285;277;272;261;258;254;252;248;240;229;215;202;189;179;168;159;150;150;149;154;152;154;153;152;145;138;125;113;102;93;91;97;111;129;143;155;166;179;194;208;221;231;241;247;257;260;261;256;250;238;226;208;197;186;181;177;175;174;181;186;199;209;221;230;238;243;246;248;245;240;229;216;197;180;159;146;136;129;116;103;86;69;54;48;43;42;41
2025-12-15T16:02:23.503152;Gravel;high;0.3948;50;100000;434;349;578;1018;1078;1021;2040;3212;3597;2924;2171;1649;1612;1950;2113;2385;2766;2658;2662;2317;1591;1346;971;809;780;622;727;743;631;621;463;398;346;373;292;342;296;291;292;289;249;204;140;109;89;74;68;53;35;32;52;173;425;654;750;741;794;1186;1672;1953;1991;1860;1652;1449;1423;1546;1754;1810;1798;1728;1575;1361;1137;978;822;676;529;431;345;275;252;282;306;280;226;195;189;170;124;87;85;115;158;186;203;214;222;210;195;161;111;76;68;61;59;50;39;50;68;78;86;99;117;119;98;102;89;90;131;163;168;169;171;154;135;138;146;143;132;133;155;165;136;104;125;157;177;180;167;146;130;128;150;165;156;140;129;136;141;133;140;148;139;116;86;69;77;100;113;112;86;75;84;88;77;61;62;70;70;68;76;87;118;158;185;183;169;153;110;102;124;130;121;132;115;84;96;87;90;100;73;64;59;58;83;87;64;54;50;66;69;53;60;78;87;86;74;50;33;29;31;40;55;64;59;41;25;27;31;28;34;50;58;88;120;126;103;112;109;91;94;77;56;55;35;37;49;43;59;75;60;66;60;42;36;34;26;31;37;36;30;50;64;50;49;48;43;39;39;40;41;41;45;46;40;30;28;32;31;30;24;17;11;15;18;17;30;50;64;79;112;130;105;84;100;123;125;95;85;101;115;110;83;78;101;134;143;111;90;103;110;91;74;60;55;55;54;45;30;29;39;36;32;23;13;12;13;15;11;11;14;64;128;162;161;156;169;201;222;243;271;281;269;250;234;234;236;239;245;234;209;192;192;204;215;226;228;214;179;162;167;183;188;176;151;120;93;82;75;70;59;44;29;31;40;48;49;45;34;27;27;24;44;80;119;154;169;152;132;123;126;117;109;114;120;114;109;112;110;98;94;92;90;92;93;85;77;87;84;60
2025-12-15T16:02:33.025158;Gravel;low;0.6144;200;100000;134;197;222;250;256;247;239;237;216;205;187;168;154;129;114;96;88;78;72;76;72;121;222;345;586;862;1185;1580;2139;2757;3343;3977;4055;4057;4055;4058;4061;4058;4063;4055;4069;4055;4073;4062;4079;4062;4075;4059;4070;4057;4068;4058;4068;4057;4060;4056;4057;4057;4046;4045;3870;3784;3589;3289;2884;2538;2157;1888;1583;1399;1168;1054;873;810;699;651;559;520;460;456;409;404;368;350;321;296;283;242;240;186;195;154;173;139;175;142;180;150;177;157;177;171;183;185;188;210;203;239;226;271;254;278;254;256;225;216;183;172;153;145;133;116;103;84;72;65;52;64;60;71;77;76;93;82;103;82;85;72;69;61;59;59;61;70;72;94;90;116;107;130;122;141;138;153;155;172;176;185;185;184;179;170;166;160;161;164;176;182;196;198;215;219;239;236;248;235;240;230;238;233;233;225;221;210;204;200;198;204;208;223;220;222;199;183;158;138;117;102;92;80;71;52;43;30;22;41;57;81;99;112;128;137;153;159;172;163;162;142;128;113;103;117;123;140;146;155;155;155;154;145;136;116;106;100;105;112;125;131;141;136;136;125;125;123;131;138;155;168;181;192;197;202;202;204;203;207;211;222;233;246;253;262;262;267;261;256;236;215;192;174;156;139;119;97;81;70;67;74;84;102;124;145;165;178;197;211;230;239;251;260;274;283;293;298;306;313;318;317;314;314;308;303;291;284;273;269;260;261;265;276;280;284;277;275;268;262;252;244;237;233;227;219;207;194;175;157;145;137;137;139;149;156;168;177;187;192;198;198;196;188;180;170;152;131;105;91;77;72;58;48;34;28;23;23;25;29;35;45;54;69;83;103;123;143;156;165;179;190;206;215;225;228;230;224;214;197;182;165;152;137;122;109;100;94;90;85;76;62;53;53;67;86;108;124;133;137;136;131;114;97
2025-12-15T16:02:42.535416;Gravel;high;0.3941;50;100000;423;339;576;977;999;1234;2566;3754;4063;4045;3705;3157;2706;2618;2151;2003;2313;2440;2711;2443;1749;1476;1126;825;749;591;641;669;553;541;406;405;335;384;289;311;250;234;224;215;200;171;114;96;85;86;76;73;71;74;82;240;449;574;570;428;721;1300;1689;1721;1582;1179;1035;1220;1357;1446;1525;1431;1385;1443;1566;1526;1429;1264;1041;780;554;382;270;226;219;219;205;192;188;181;172;157;138;116;107;103;108;101;87;71;82;115;129;142;151;123;94;97;93;79;96;82;58;54;57;48;34;30;29;42;47;33;33;46;60;73;61;62;85;104;96;71;59;78;94;91;95;116;149;179;183;172;149;128;109;84;59;38;24;21;24;34;38;48;83;128;158;154;118;93;114;156;176;150;102;117;146;158;162;143;103;91;94;96;106;123;138;145;136;105;76;86;113;129;132;133;144;153;146;134;115;100;92;82;65;52;49;52;60;67;66;62;64;70;67;84;128;180;216;233;234;224;202;172;142;130;124;122;134;147;153;147;144;160;171;152;111;74;82;120;144;134;105;69;51;61;79;86;74;51;31;23;25;27;26;20;9;12;22;27;28;21;37;61;72;80;69;57;71;60;48;59;62;66;55;41;55;80;77;65;87;102;87;79;88;68;53;46;37;48;48;37;53;61;64;61;55;49;47;47;46;37;24;12;5;0;2;9;17;21;21;25;28;27;25;19;13;35;56;64;59;56;54;41;48;57;48;46;70;76;58;54;55;72;72;56;74;81;60;62;78;93;93;71;72;86;95;87;76;70;76;78;73;55;37;23;15;13;17;24;35;44;45;37;29;19;41;88;126;143;156;162;162;171;197;211;213;213;203;181;171;175;183;193;197;206;220;226;224;205;182;184;202;226;245;256;250;227;216;221;219;218;217;216;219;210;176;123;83;70;71;70;64;57
2025-12-15T16:02:51.975081;Gravel;low;0.0000;200;100000;136;200;226;255;261;252;243;241;220;208;189;171;156;130;117;97;88;78;74;76;72;126;226;349;589;860;1180;1572;2129;2744;3326;3972;4056;4056;4055;4058;4060;4058;4063;4045;4059;4057;4077;4059;4074;4059;4083;4058;4063;4053;4069;4054;4059;4056;4061;4060;4069;4065;4044;4037;3861;3774;3612;3307;2921;2573;2188;1893;1575;1372;1131;1002;826;742;637;583;494;466;403;412;369;375;341;322;287;252;239;182;192;122;141;94;114;85;110;102;123;128;144;155;169;187;197;224;224;261;253;298;278;313;285;299;267;263;225;212;181;167;150;138;124;104;95;72;62;59;42;53;43;47;52;42;66;51;68;60;59;62;57;59;59;67;70;90;95;126;129;161;160;185;182;205;207;225;227;240;240;243;241;234;223;204;188;173;167;166;172;176;186;193;211;215;237;238;256;248;259;252;262;260;263;258;255;248;244;242;240;246;249;266;259;254;225;201;171;148;124;107;92;80;69;54;44;37;38;57;76;101;123;146;167;184;206;214;232;223;221;199;178;152;130;118;104;103;100;104;108;114;119;116;114;100;92;86;92;100;117;124;136;130;129;117;112;106;109;115;129;141;153;165;171;178;174;174;172;176;182;199;213;233;241;256;259;265;258;250;232;215;193;174;156;140;121;101;85;80;83;98;115;134;155;172;189;197;208;213;223;226;230;233;241;244;250;254;257;258;256;252;248;246;244;245;243;247;246;251;252;261;267;279;277;277;270;264;255;246;236;229;221;215;206;194;177;158;142;131;124;123;124;132;138;143;148;147;146;138;131;125;124;120;113;106;93;80;66;59;53;50;41;36;28;24;24;23;23;20;18;15;17;21;26;37;50;65;75;87;102;123;149;173;194;204;210;208;204;192;178;163;148;133;115;97;75;56;36;20;19;27;43;60;77;91;106;118;122;121;112;102;86;74
2025-12-15T16:03:01.462617;Gravel;high;0.3943;50;100000;410;330;564;1011;1078;1016;1982;3142;3530;2868;2119;1614;1615;1958;2085;2349;2740;2637;2640;2293;1583;1348;993;805;763;617;725;740;618;588;437;402;346;411;320;341;290;287;293;300;287;258;221;210;192;172;157;137;133;119;125;254;440;560;547;396;650;1245;1698;1775;1539;1128;1127;1303;1385;1362;1329;1273;1336;1446;1549;1478;1330;1104;841;611;472;361;272;221;190;212;228;226;204;157;135;149;148;108;104;122;115;85;80;105;129;123;120;151;152;110;77;68;72;80;87;83;65;42;29;26;20;13;15;20;28;34;34;37;41;51;68;77;106;129;101;72;47;64;80;58;54;94;133;150;166;161;117;102;104;78;56;49;48;45;38;62;73;58;64;83;81;65;84;100;97;93;92;95;95;100;97;84;76;77;70;54;36;24;30;38;43;49;60;72;82;108;131;142;147;128;98;115;144;154;142;114;76;75;86;92;99;103;88;88;108;128;137;131;105;79;95;133;160;163;154;141;118;91;62;43;36;37;37;39;37;30;32;50;72;85;93;103;117;123;111;109;131;160;183;188;163;140;145;162;168;164;175;180;164;152;148;143;128;121;136;143;135;132;128;111;118;135;123;89;60;45;32;17;16;22;28;38;45;50;54;56;58;58;54;45;34;38;57;73;84;99;107;91;64;61;78;95;87;64;71;77;75;69;57;58;60;47;51;59;54;42;45;55;52;45;40;32;24;18;16;15;13;14;19;23;30;40;47;47;44;33;20;21;22;25;27;31;32;30;32;56;76;81;59;70;59;57;83;73;93;109;78;68;71;61;52;62;71;50;60;79;61;58;67;61;54;64;76;75;60;49;41;34;29;22;18;21;26;30;33;27;19;13;10;13;16;17;21;25;41;66;95;128;155;169;153;132;147;157;155;157;160;155;160;170;181;182;156;145;174;198;198;183
2025-12-15T16:03:10.953126;Gravel;low;0.0000;200;100000;136;200;225;253;260;251;242;239;217;207;190;170;155;130;116;96;88;77;72;76;71;121;227;351;591;863;1181;1569;2125;2742;3330;3975;4056;4062;4058;4063;4057;4050;4057;4052;4069;4061;4078;4057;4073;4066;4076;4053;4063;4059;4072;4056;4059;4055;4060;4067;4062;4059;4044;4039;3867;3779;3610;3313;2925;2582;2192;1899;1574;1369;1126;1004;829;755;653;603;520;498;441;458;419;430;395;387;343;311;282;228;218;159;159;114;126;89;115;79;109;88;110;106;125;130;145;162;169;200;195;235;220;262;240;263;236;241;208;200;171;165;148;142;128;112;99;81;69;67;54;66;59;68;66;68;82;66;83;65;67;53;53;48;54;54;58;73;77;102;102;128;122;146;141;163;162;181;180;196;197;202;196;189;178;168;161;159;158;164;173;178;189;193;207;206;224;221;236;225;231;218;227;223;226;221;218;209;205;203;204;214;219;236;234;235;211;193;166;144;123;106;95;83;73;57;45;32;28;45;62;88;109;125;145;157;176;183;198;186;182;164;148;132;121;133;135;144;145;151;154;155;152;143;133;118;110;107;111;115;129;134;144;135;131;117;115;108;119;128;144;160;176;190;200;208;208;210;207;210;213;225;236;252;259;271;273;280;274;266;248;230;207;188;168;152;132;112;97;93;97;110;128;147;170;189;207;215;228;236;248;253;261;267;274;276;280;281;284;282;279;276;273;273;272;271;267;272;270;272;272;278;285;298;300;302;295;292;284;278;267;259;250;244;237;226;211;195;179;170;162;159;155;156;160;163;165;160;158;153;151;145;144;140;135;125;108;88;66;50;42;37;25;13;10;10;12;11;13;10;6;6;11;25;39;55;72;89;104;119;134;148;167;184;202;208;209;201;190;178;165;148;130;110;93;77;61;49;37;25;19;19;28;40;61;85;107;125;131;133;128;121;105;88
2025-12-15T16:03:20.375610;Gravel;high;0.3933;50;100000;408;331;569;974;1002;1245;2579;3765;4071;4041;3698;3158;2710;2598;2107;1957;2275;2409;2683;2420;1716;1427;1078;793;739;593;629;662;553;551;411;401;333;381;286;311;250;241;236;231;220;210;170;131;105;74;46;45;73;107;104;237;475;670;698;558;747;1273;1658;1806;1884;1861;1916;1969;1948;1903;1813;1717;1685;1737;1714;1664;1567;1410;1183;890;609;382;256;205;197;191;188;189;183;167;145;120;107;92;75;55;38;30;29;48;58;72;116;174;204;169;133;128;111;85;76;68;62;51;52;96;116;105;113;92;71;56;56;84;84;70;73;102;116;101;106;110;87;55;39;39;41;46;66;91;110;109;97;82;77;81;85;86;76;57;51;59;72;73;60;61;81;99;109;95;78;95;147;160;144;140;112;84;58;73;87;72;70;73;52;45;57;86;90;80;92;98;91;77;57;71;94;109;114;108;103;91;76;64;60;59;56;56;54;56;58;54;40;27;25;32;36;30;21;33;60;84;98;112;136;145;117;99;109;123;129;126;131;150;155;145;138;115;110;126;138;132;125;122;118;131;159;171;141;108;114;130;143;150;168;181;180;180;174;154;122;92;73;64;54;51;46;38;29;23;18;19;26;34;39;42;38;34;35;40;47;60;71;85;116;140;138;114;110;114;108;113;114;101;98;99;84;82;85;94;106;90;72;90;97;80;70;68;65;72;73;55;39;30;23;22;17;17;28;42;48;50;41;28;18;14;15;19;18;17;21;24;32;66;84;78;63;56;49;52;45;39;46;45;40;38;30;55;73;75;92;87;55;49;66;56;51;57;45;54;65;54;44;57;60;53;34;33;35;32;22;17;20;26;31;33;29;19;14;13;11;7;3;4;9;14;24;51;95;132;140;111;92;99;111;114;106;102;106;112;123;131;118;115;118;110;123;152;151;125;114;123;126;121
2025-12-15T16:03:29.940887;Gravel;low;0.0000;200;100000;136;201;226;255;262;252;244;240;220;208;189;170;155;131;116;96;88;77;72;76;71;123;234;361;602;873;1187;1570;2126;2738;3316;3962;4052;4061;4060;4054;4054;4053;4068;4060;4064;4055;4074;4056;4074;4059;4073;4057;4075;4066;4068;4050;4055;4055;4063;4061;4059;4062;4058;4050;3865;3799;3637;3362;2975;2642;2261;1974;1655;1455;1209;1080;905;841;730;701;616;615;571;567;526;529;512;507;491;486;480;472;463;465;457;459;470;462;467;441;434;394;386;330;322;262;260;197;199;144;140;107;92;108;97;140;128;163;148;174;157;177;169;184;175;179;171;168;160;154;146;142;139;140;149;152;167;163;178;162;174;150;160;134;146;125;138;123;131;120;118;110;105;95;83;81;69;80;70;94;95;123;128;150;158;180;192;206;216;224;232;233;242;237;246;242;256;245;248;225;219;193;187;167;155;133;122;107;110;110;117;130;140;167;181;203;197;196;185;177;168;162;157;150;147;136;131;109;95;76;67;72;85;101;121;135;157;165;180;172;175;159;147;128;105;90;74;72;64;67;72;75;84;80;74;51;33;39;44;54;62;68;74;71;76;72;78;84;104;123;149;169;186;201;209;215;215;213;207;206;209;220;233;249;260;275;282;293;290;285;269;256;237;221;201;178;154;128;106;91;82;88;93;106;119;136;154;171;193;213;235;247;259;261;262;259;264;266;272;275;277;280;281;285;282;281;270;259;243;228;206;189;176;175;172;179;182;187;183;179;170;168;166;169;177;185;194;199;203;201;198;185;176;164;162;157;161;161;168;171;174;170;161;144;129;112;100;85;79;76;78;81;84;84;82;85;88;100;109;118;125;137;146;160;172;187;201;214;220;220;218;215;212;205;200;193;188;182;174;163;155;148;146;141;140;140;142;144;145;141;137;129;125;120;119;124;135;147;154;162;162;159;142;123
2025-12-15T16:03:39.456028;Gravel;high;0.3871;50;100000;480;379;595;1031;1080;1027;2079;3255;3641;2964;2189;1645;1606;1973;2219;2529;2899;2746;2701;2344;1603;1345;979;805;775;631;736;758;629;596;440;393;334;389;295;310;246;224;230;235;210;187;169;179;177;164;163;156;146;134;180;435;705;851;746;615;792;1293;1711;1965;2035;1983;2117;2209;2145;1972;1802;1692;1683;1766;1754;1640;1451;1197;921;651;435;273;177;146;147;153;154;157;152;137;118;105;100;120;122;93;87;88;77;67;98;130;130;122;142;146;105;82;80;55;61;64;45;31;54;98;110;133;124;92;77;64;71;67;77;83;68;78;105;97;78;61;43;30;35;46;53;60;73;87;96;90;75;61;60;70;77;80;68;46;38;49;62;66;57;50;84;137;161;129;83;78;125;156;134;117;113;102;109;94;73;87;84;65;81;84;90;94;69;80;109;112;101;93;80;61;52;57;72;88;100;94;79;71;73;80;79;78;72;67;65;58;65;89;115;129;120;116;123;125;134;143;148;144;130;133;158;175;179;179;179;190;198;200;190;163;131;104;106;136;157;153;142;126;105;110;135;156;140;94;101;111;103;84;74;71;55;45;37;29;21;13;12;23;35;43;43;38;30;26;22;30;64;99;112;101;102;105;91;70;68;94;115;104;69;75;95;91;70;64;55;61;67;60;60;54;42;58;68;67;48;48;59;66;61;49;35;27;21;14;7;6;9;12;10;9;5;9;20;30;33;32;22;29;55;53;51;47;41;32;46;61;49;60;68;47;42;56;50;42;46;43;39;44;55;55;40;53;91;104;87;100;93;78;72;52;32;32;38;44;45;40;37;33;31;32;35;39;35;27;16;9;11;14;17;20;52;98;138;156;145;121;111;112;118;132;138;130;131;142;146;149;146;132;136;151;154;155;157;161;163;154;150;149;134;100;65;58;60;61;54;44;37;30
